{
    "app.name": "StopCovid",
    "onboarding.welcomeController.title": "Bienvenue",
    "onboarding.welcomeController.mainMessage.title": "Protégeons nos proches, protégeons-nous et protégeons les autres",
    "onboarding.welcomeController.mainMessage.subtitle": "Avec StopCovid, participez à la lutte contre l’épidémie en limitant les risques de transmission.",
    "onboarding.welcomeController.howDoesItWork": "Je veux participer",
    "onboarding.explanationsController.title": "C'est simple !",
    "onboarding.explanationsController.stepFollow.title": "J'active l'application",
    "onboarding.explanationsController.stepFollow.subtitle": "En utilisant le Bluetooth de votre téléphone, StopCovid détecte les téléphones des autres utilisateurs qui restent à proximité du vôtre.",
    "onboarding.explanationsController.stepInform.title": "Je reste informé(e)",
    "onboarding.explanationsController.stepInform.subtitle": "Vous serez informé(e) si vous avez été à proximité d’un utilisateur testé positif au COVID-19.",
    "onboarding.explanationsController.stepBeAware.title": "Je protège mes proches et les autres",
    "onboarding.explanationsController.stepBeAware.subtitle": "Si vous effectuez un test COVID-19 et qu’il est positif, votre médecin ou laboratoire vous donnera un code à saisir pour avertir anonymement les utilisateurs que vous avez croisés.",
    "onboarding.explanationsController.dataPrivacy": "Continuer",
    "onboarding.privacyController.title": "Confidentialité",
    "onboarding.privacyController.accept": "Accepter",
    "onboarding.proximityController.title": "Détection",
    "onboarding.proximityController.mainMessage.title": "Autoriser les \"contacts Bluetooth\"",
    "onboarding.proximityController.mainMessage.subtitle": "StopCovid a besoin d'utiliser le Bluetooth de votre téléphone pour fonctionner.\nAucune donnée de géolocalisation n'est échangée ou enregistrée.",
    "onboarding.proximityController.allowProximity": "Autoriser",
    "onboarding.beAwareController.title": "Notification",
    "onboarding.beAwareController.mainMessage.title": "Recevez une notification en cas de risque",
    "onboarding.beAwareController.mainMessage.subtitle": "Si vous avez été à proximité au moins 15 minutes et à moins de 1 mètre d'un utilisateur déclaré positif, vous serez averti(e).\n\nStopCovid vous donnera alors les recommandations du Ministère des Solidarités et de la Santé.",
    "onboarding.beAwareController.allowNotifications": "Autoriser les notifications",
    "onboarding.gesturesController.title": "N'oubliez pas !",
    "onboarding.gesturesController.mainMessage.title": "Les gestes barrières restent primordiaux",
    "onboarding.gesturesController.gesture1": "Lavez-vous régulièrement les mains",
    "onboarding.gesturesController.gesture2": "Toussez ou éternuez dans votre coude ou dans un mouchoir",
    "onboarding.gesturesController.gesture3": "Utilisez des mouchoirs à usage unique et jetez-les",
    "onboarding.gesturesController.gesture4": "Saluez sans vous serrer la main, et évitez les embrassades",
    "onboarding.gesturesController.noted": "C’est noté 👍",
    "onboarding.batteryController.title": "Utilisation de la batterie",
    "onboarding.batteryController.mainMessage.title": "StopCovid a besoin de fonctionner de manière continue en arrière-plan.",
    "onboarding.batteryController.mainMessage.subtitle": "Pour que StopCovid fonctionne de manière continue en arrière-plan, acceptez de désactiver l’optimisation de la batterie pour StopCovid seulement.",
    "onboarding.batteryController.accept": "Accepter",
    "proximityController.tabBar.title": "Protéger",
    "privacyController.tabBar.title": "Confidentialité",
    "sharingController.tabBar.title": "Partager",
    "sickController.title": "Me déclarer",
    "sickController.tabBar.title": "Me déclarer",
    "sickController.message.testedPositive.title": "Vous avez effectué un test COVID-19 et il est positif ?",
    "sickController.message.testedPositive.subtitle": "Votre médecin ou laboratoire vous a remis un code : merci de le scanner ou le saisir pour que les personnes que vous avez croisées soient alertées.\nPrenez soin de vous !",
    "sickController.message.youHaveSymptoms.title": "Vous pensez avoir des symptômes",
    "sickController.message.youHaveSymptoms.subtitle": "Vous souhaitez savoir quel comportement adopter ?\nCe questionnaire est là pour vous orienter.",
    "sickController.button.flash": "Scanner le QR code",
    "sickController.button.tap": "Saisir le code",
    "sickController.button.myConditionInformation": "M’informer sur mon état",
    "sickController.button.myConditionInformation.url": "https://",
    "sickController.button.callCenter": "Trouver mon centre d'appel",
    "sickController.button.recommendations": "Lire les recommandations",
    "sickController.button.recommendations.url": "https://",
    "sickController.message.cured.title": "Si vous n'êtes pas malade",
    "sickController.message.cured.subtitle": "Votre test au COVID-19 est négatif. Déclarez-le en tapant sur le bouton ci-dessous :",
    "sickController.button.cured": "Je ne suis pas malade",
    "sickController.state.nothing.title": "Vous n'avez pas rencontré de personne diagnostiquée positive",
    "sickController.state.nothing.subtitle": "N'oubliez pas pour autant les gestes barrières et les recommandations de santé publique",
    "sickController.state.contact.title": "Vous avez été exposé(e) à au moins une personne diagnostiquée positive au COVID-19 ces derniers jours",
    "sickController.state.contact.subtitle": "Contactez votre médecin en l’informant que vous avez été notifié d’un contact à risque et isolez-vous.",
    "sickController.state.date": "Le %@",
    "sickController.state.deleteNotification": "Supprimer la notification",
    "sickController.state.deleteNotification.alert.title": "Voulez-vous vraiment supprimer la notification ?",
    "sharingController.title": "Partager",
    "sharingController.mainMessage.title": "Plus nous sommes nombreux à utiliser StopCovid et mieux nous sommes protégés",
    "sharingController.mainMessage.subtitle": "Nous avons besoin de vous : l’impact de cette application dans la lutte contre le COVID-19 dépend de vous ! Merci de la partager avec vos proches.",
    "sharingController.buttonAction": "Je partage l'application",
    "sharingController.appSharingMessage": "J'utilise StopCovid pour participer à la lutte collective contre l’épidémie : pour informer et être informé(e). Installez-la vous aussi : https://",
    "aboutController.title": "À propos",
    "aboutController.mainMessage.title": "À propos de StopCovid",
    "aboutController.mainMessage.subtitle": "Cette application a été réalisée par l'équipe StopCovid, sous la supervision du Ministère des Solidarités et de la Santé et du Secrétariat d'Etat chargé du Numérique.\nL'équipe StopCovid : Inria, ANSSI, Capgemini, Dassault Systèmes, Inserm, Lunabee Studio, Ministère des Solidarités et de la Santé, Orange, Santé Publique France et Withings.",
    "aboutController.webpage": "Page internet de StopCovid",
    "aboutController.webpageUrl": "https://",
    "aboutController.faq": "Questions - réponses",
    "aboutController.faqUrl": "https://",
    "aboutController.opinion": "Je donne mon avis",
    "aboutController.opinionUrl": "https://",
    "aboutController.appVersion": "Version %@ #%@",
    "proximityController.title": "Proximité",
    "proximityController.switch.title": "StopCovid",
    "proximityController.mainMessage.subtitle": "Activer StopCovid permet d’être informé(e) et d’informer les autres d’un risque de contamination, et de contribuer activement à la lutte contre le COVID-19.",
    "proximityController.mainMessage.subtitle.off": "Activer StopCovid permet d’être informé(e) et d’informer les autres d’un risque de contamination, et de contribuer activement à la lutte contre le COVID-19.",
    "proximityController.mainMessage.subtitle.on": "Merci d’avoir activé StopCovid. Vous pouvez continuer à utiliser votre téléphone normalement, mais ne désactivez pas le Bluetooth !",
    "proximityController.manageData": "Gérer mes données",
    "proximityController.error.noBLE": "Votre téléphone ne possédant pas le Bluetooth Low Energy, il n'est pas compatible avec StopCovid malheureusement.",
    "proximityController.error.noNotifications": "Pour être prévenu du risque d’exposition au COVID-19, les notifications doivent être activées dans les paramètres en appuyant ici 👉",
    "proximityController.error.noBattery": "Pour que StopCovid fonctionne, veuillez autoriser l'exécution en arrière plan en appuyant ici 👉",
    "proximityController.error.noBluetooth": "Pour que StopCovid fonctionne, veuillez activer le Bluetooth dans les paramètres en appuyant ici 👉",
    "proximityController.error.noLocalisation": "Pour que StopCovid fonctionne, veuillez activer la localisation (pour le Bluetooth) dans les paramètres en appuyant ici 👉",
    "proximityController.error.noNotificationsOrBluetooth": "Pour que StopCovid fonctionne, vous devez activer le Bluetooth et les notifications dans les paramètres en appuyant ici 👉",
    "proximityController.error.noNotificationsOrLocalisation": "Pour que StopCovid fonctionne, vous devez activer le Bluetooth et les notifications dans les paramètres en appuyant ici 👉",
    "proximityController.error.noBluetoothOrLocalisation": "Pour que StopCovid fonctionne, vous devez activer la localisation (pour le Bluetooth) et les notifications dans les paramètres en appuyant ici 👉",
    "proximityController.error.noNotificationsOrBluetoothOrLocalisation": "Pour que StopCovid fonctionne, vous devez activer la localisation (pour le Bluetooth) et les notifications dans les paramètres en appuyant ici 👉",
    "proximityController.error.activateProximity": "StopCovid est désactivé. Appuyez sur ce bandeau pour l'activer.",
    "proximityController.switch.subtitle.activated": "StopCovid contribue à votre protection et à celle des autres",
    "proximityController.switch.subtitle.deactivated": "Vous n'avez pas encore activé StopCovid",
    "proximityService.error.scanError": "Impossible d'activer la recherche Bluetooth Low Energy.",
    "proximityService.error.captchaError": "Impossible de vérifier que vous n'êtes pas un robot.",
    "informationController.title": "Information",
    "informationController.subtitle": "Ministère des Solidarités et de la Santé",
    "informationController.mainMessage.atRisk.title": "Vous avez été exposé(e) à un risque",
    "informationController.mainMessage.atRisk.subtitle": "L'attitude à adopter :",
    "informationController.mainMessage.nothing.title": "Vous n'avez pas été notifié(e) d'un risque",
    "informationController.mainMessage.nothing.subtitle": "L'attitude à adopter :",
    "informationController.step.isolate.atRisk.title": "%d. Isolez-vous",
    "informationController.step.isolate.atRisk.subtitle": "Veillez à rencontrer le moins de personnes possibles. Soyez extrêmement vigilant(e) sur le respect strict des gestes barrières.",
    "informationController.step.isolate.nothing.title": "%d. Les gestes barrières",
    "informationController.step.isolate.nothing.subtitle": "Veillez à respecter les gestes barrières pour freiner la propagation du virus",
    "informationController.step.isolate.buttonTitle": "Les gestes barrières",
    "informationController.step.beCareful.atRisk.title": "%d. Soyez attentif à l'apparition de symptômes",
    "informationController.step.beCareful.atRisk.subtitle": "En cas de doute, n'hésitez pas à effectuer le questionnaire d'orientation ou appeler votre médecin",
    "informationController.step.beCareful.nothing.title": "%d. Soyez attentif à l'apparition de symptômes",
    "informationController.step.beCareful.nothing.subtitle": "En cas de doute, consultez votre médecin si vous pensez avoir des symptômes. Et n’hésitez pas à effectuer le questionnaire d'orientation",
    "informationController.step.beCareful.buttonTitle": "Questionnaire d'orientation",
    "informationController.step.appointment.title": "%d. Prenez rendez-vous pour un test",
    "informationController.step.appointment.subtitle": "Pour trouver un centre de tests, appelez ce numéro (service gratuit + appel gratuit).",
    "informationController.step.appointment.buttonTitle": "Appeler le 0 ",
    "informationController.step.moreInfo.title": "%d. Plus d'informations",
    "informationController.step.moreInfo.subtitle": "Sur la page officielle du Ministère des Solidarités et de la Santé, dédiée au COVID-19",
    "informationController.step.moreInfo.buttonTitle": "Les conseils COVID-19",
    "informationController.step.moreInfo.url": "https://",
    "enterCodeController.title": "Votre code",
    "enterCodeController.mainMessage.title": "Veuillez saisir le code que le laboratoire ou médecin vous a fourni.",
    "enterCodeController.mainMessage.subtitle": "Ce code est aléatoire et ne contient aucune information personnelle, valable 30 min.",
    "enterCodeController.button.validate": "Valider",
    "enterCodeController.textField.placeholder": "Saisir le code ici",
    "enterCodeController.noCodeEnteredAlert.message": "Vous devez saisir le code pour pouvoir continuer",
    "scanCodeController.explanation": "Approchez votre téléphone du QR code qui figure sur votre résultat du laboratoire (code aléatoire et anonyme)",
    "common.about": "À propos",
    "common.delete": "Supprimer",
    "common.keep": "Conserver",
    "common.restart": "Redémarrer",
    "common.confirm": "Confirmer",
    "common.error.callImpossible": "Vous ne pouvez pas téléphoner depuis cet appareil",
    "common.ok": "OK",
    "common.cancel": "Annuler",
    "common.yes": "Oui",
    "common.no": "Non",
    "common.tryAgain": "Essayer à nouveau",
    "common.needCameraAccessToScan": "L'application a besoin d'avoir accès à l'appareil photo pour scanner le QR Code",
    "common.needLocalisationAccessToScan": "L'application a besoin d'avoir accès à la location pour scanner les appareils alentours",
    "common.settings": "Paramètres",
    "common.permissionsNeeded": "Accès requis",
    "common.readMore": "En savoir plus",
    "common.close": "Fermer",
    "common.today": "Aujourd'hui",
    "common.yesterday": "Hier",
    "common.daysAgo": "Il y a %d jours",
    "common.iDontKnow": "Je ne sais pas",
    "common.send": "Envoyer",
    "common.dontSend": "Ne pas envoyer",
    "common.warning": "Attention",
    "common.error": "Erreur",
    "common.error.internet": "Vérifiez votre connexion internet puis ré-essayez",
    "common.error.server": "Une erreur s'est produite, notre équipe travaille à sa réparation!",
    "common.error.needRegister": "Vous devez être enregistré pour effectuer cette action",
    "accessibility.back.label": "Retour",
    "accessibility.onboarding.explanations.step1": "Premièrement",
    "accessibility.onboarding.explanations.step2": "Deuxièmement",
    "accessibility.onboarding.explanations.step3": "Troisièmement",
    "accessibility.hint.onboarding.back.label": "Revenir en arrière",
    "accessibility.hint.onboarding.bottomButton": "Continuer",
    "accessibility.hint.proximity.alert.touchToGoToSettings.ios": "Utiliser ce bouton pour aller dans les réglages",
    "accessibility.hint.sick.qrCode.enterCodeOnNextButton": "Ceci nécessite l'utilisation de l'appareil photo. Vous pouvez utiliser le bouton juste après pour entrer un code manuellement",
    "accessibility.hint.proximity.buttonDescription": "Bouton d'activation de StopCovid",
    "accessibility.hint.proximity.buttonState.activated": "Activé !",
    "accessibility.hint.proximity.buttonState.deactivated": "Désactivé !",
    "captchaController.title": "Vérification",
    "captchaController.mainMessage.title": "Pour la sécurité de l'application, veuillez prouver que vous êtes bien humain",
    "captchaController.mainMessage.subtitle": "En répondant à ces quelques questions",
    "captchaController.mainMessage.action": "Veuillez appuyer sur la photo de",
    "notification.proximityServiceRunning.title": "StopCovid est activé",
    "notification.proximityServiceRunning.message": "Merci de participer à la lutte contre la propagation du COVID-19 !",
    "notification.channel.title": "StopCovid est activé",
    "notification.channel.atRisk.title": "Risque d’exposition au COVID-19",
    "notification.atRisk.title": "Risque d’exposition au COVID-19",
    "notification.atRisk.message": "Vous avez rencontré ces derniers jours une personne testée positive au COVID-19. Appuyez ici pour la marche à suivre.",
    "manageDataController.title": "Mes données",
    "manageDataController.eraseLocalHistory.title": "Mes données sur ce téléphone",
    "manageDataController.eraseLocalHistory.subtitle": "Cette opération effacera toutes les informations de contact Bluetooth sur votre téléphone.",
    "manageDataController.eraseLocalHistory.button": "Effacer sur mon téléphone",
    "manageDataController.eraseLocalHistory.success": "Données effacées avec succès",
    "manageDataController.eraseLocalHistory.confirmationDialog.title": "Confirmation",
    "manageDataController.eraseLocalHistory.confirmationDialog.message": "Confirmez-vous vouloir supprimer tout l'historique des \"contacts Bluetooth\" collectés jusque-là ? Cette action est irréversible.",
    "manageDataController.eraseRemoteContact.title": "Mes données sur le serveur",
    "manageDataController.eraseRemoteContact.subtitle": "Cette opération effacera vos propres pseudo-identifiants éphèmeres qui ont été échangés avec d’autres téléphones et remontés sur le serveur.",
    "manageDataController.eraseRemoteContact.button": "Effacer sur le serveur",
    "manageDataController.eraseRemoteContact.success": "Données effacées avec succès",
    "manageDataController.eraseRemoteContact.confirmationDialog.title": "Confirmation",
    "manageDataController.eraseRemoteContact.confirmationDialog.message": "Cette action est irréversible, confirmez-vous vouloir effacer vos pseudo-identifiants éphèmeres du serveur ?",
    "manageDataController.eraseRemoteAlert.title": "Mes alertes",
    "manageDataController.eraseRemoteAlert.subtitle": "Dès lors que vous avez croisé des personnes testées positives, vous recevez une alerte. Attention, cette opération supprimera toutes vos alertes.",
    "manageDataController.eraseRemoteAlert.button": "Effacer mes alertes",
    "manageDataController.eraseRemoteAlert.success": "Alertes effacées avec succès",
    "manageDataController.eraseRemoteAlert.confirmationDialog.title": "Attention",
    "manageDataController.eraseRemoteAlert.confirmationDialog.message": "Cette action est irréversible, confirmez-vous vouloir effacer vos alertes ?",
    "manageDataController.quitStopCovid.title": "Quitter StopCovid",
    "manageDataController.quitStopCovid.subtitle": "Vous pouvez à tout moment arrêter d'utiliser StopCovid et effacer toutes les informations vous concernant.",
    "manageDataController.quitStopCovid.button": "Se désinscrire",
    "manageDataController.quitStopCovid.success": "Toutes les informations ont été supprimées",
    "manageDataController.quitStopCovid.confirmationDialog.title": "Attention",
    "manageDataController.quitStopCovid.confirmationDialog.message": "Cette action est irréversible, confirmez-vous vouloir quitter StopCovid ?",
    "symptomsOriginController.title": "Symptômes",
    "symptomsOriginController.explanation.title": "Merci de préciser quand vos premiers symptômes sont apparus",
    "symptomsOriginController.explanation.subtitle": "Cela permettra d’évaluer votre période de contagiosité",
    "symptomsOriginController.noSymptoms": "Je n'ai pas de symptômes",
    "sendHistoryController.title": "Envoi de l'historique",
    "sendHistoryController.mainMessage.title": "Pour sauver des vies, participez à la lutte citoyenne contre le COVID-19",
    "sendHistoryController.mainMessage.subtitle": "En partageant anonymement vos \"contacts Bluetooth\", vous allez aider à rompre les chaînes de transmission et ainsi sauver des vies.\n\nEn envoyant ces informations, j'autorise StopCovid à les sauvegarder sur le serveur pendant 14 jours.",
    "sendHistoryController.dontSend.alert.message": "Votre choix est définitif, confirmez-vous ne pas vouloir envoyer vos \"contacts Bluetooth\" ?",
    "callCenterController.title": "Centres d'appel",
    "callCenterController.phoneNumbers": "Numéros de téléphone",
    "callCenterController.header.title": "En cas d'urgence",
    "callCenterController.header.subtitle": "Appelez le 15",
    "callCenterController.header.emergenciesPhoneNumber": "15",
    "onboarding.proximityController.allowProximity.warning": "Attention, Android va vous demander l’accès à la position de cet appareil. StopCovid utilisera uniquement la détection Bluetooth des téléphones à proximité, et en aucun cas la géolocalisation",
    "common.understand": "J'ai compris",
    "onboarding.gesturesController.gesture5": "Évitez de vous toucher le visage",
    "onboarding.gesturesController.gesture6": "Respectez une distance d'au moins un mètre avec les autres",
    "common.bravo": "Activé",
    "proximityController.button.activateProximity": "J’active StopCovid",
    "proximityController.button.deactivateProximity": "Je désactive StopCovid",
    "scanCodeController.camera.authorizationNeeded.title": "Autorisation nécessaire",
    "scanCodeController.camera.authorizationNeeded.message": "Vous avez refusé les permissions pour utiliser la caméra. Pour scanner un QR code, il faut autoriser cette permission dans les réglages de l’iPhone.",
    "notification.channel.error.title": "Erreur détectée",
    "notification.error.title": "Veuillez redémarrer StopCovid",
    "notification.error.message": "Un erreur est survenue pendant l'utilisation de StopCovid. Il est nécessaire que vous relanciez l'application.",
    "sickController.sick.title": "Merci",
    "sickController.sick.mainMessage.title": "Merci d'avoir prévenu vos concitoyens",
    "sickController.sick.mainMessage.subtitle": "Prenez soin de vous et respectez l'isolement pour protéger vos proches !\nVoici les recommandations sanitaires, et le numéro à appeler en cas de besoin (service gratuit + appel gratuit).",
    "enterCodeController.alert.invalidCode.title": "Code invalide",
    "enterCodeController.alert.invalidCode.message": "Le code saisi n'est pas valide. Veuillez essayer à nouveau.",
    "sendHistoryController.alert.invalidCode.title": "Code invalide",
    "sendHistoryController.alert.invalidCode.message": "Le code saisi n'est pas valide. Veuillez essayer à nouveau.",
    "callCenter.phoneNumber": "08"
}
